query,country,date,clicks,impressions,ctr,position
camperizar furgoneta,esp,2017-09-01,45.0,195.0,0.23076923076923078,2.353846153846154
micamper,esp,2017-09-01,7.0,8.0,0.875,1.0
citroen jumper camper,esp,2017-09-01,5.0,23.0,0.21739130434782608,3.9130434782608696
mi camper,esp,2017-09-01,4.0,4.0,1.0,1.0
nissan nv200 camper,esp,2017-09-01,4.0,54.0,0.07407407407407407,4.703703703703704
camperizar dacia dokker stepway,esp,2017-09-01,3.0,5.0,0.6,7.4
convertir furgoneta en camper,esp,2017-09-01,3.0,3.0,1.0,1.3333333333333333
fiat scudo camper,esp,2017-09-01,3.0,24.0,0.125,2.375
furgoneta camperizada,esp,2017-09-01,3.0,111.0,0.02702702702702703,6.90990990990991
jumpy camper,esp,2017-09-01,3.0,21.0,0.14285714285714285,7.476190476190476
renault trafic camper 2017,esp,2017-09-01,3.0,12.0,0.25,6.0
alquiler furgonetas camper,esp,2017-09-01,2.0,14.0,0.14285714285714285,8.857142857142858
camperizacion madrid,esp,2017-09-01,2.0,3.0,0.6666666666666666,1.6666666666666665
camperizaciones baratas,esp,2017-09-01,2.0,5.0,0.4,2.8
camperizar furgoneta madrid,esp,2017-09-01,2.0,5.0,0.4,1.0
camperizar renault master,esp,2017-09-01,2.0,3.0,0.6666666666666666,4.0
citroen camper jumpy,esp,2017-09-01,2.0,4.0,0.5,3.5
citroen jumpy camper,esp,2017-09-01,2.0,30.0,0.06666666666666667,5.633333333333334
citroen jumpy camper 2017,esp,2017-09-01,2.0,5.0,0.4,1.8
como adaptar una furgoneta para camping,esp,2017-09-01,2.0,2.0,1.0,6.5
cuanto cuesta camperizar una trafic,esp,2017-09-01,2.0,4.0,0.5,8.75
dacia dokker camper,esp,2017-09-01,2.0,24.0,0.08333333333333333,4.333333333333334
donde camperizar una furgoneta,esp,2017-09-01,2.0,2.0,1.0,1.5
empresas camperizar furgonetas,esp,2017-09-01,2.0,3.0,0.6666666666666666,2.0
kit camper dacia dokker,esp,2017-09-01,2.0,8.0,0.25,2.125
precio camperizar furgoneta,esp,2017-09-01,2.0,13.0,0.15384615384615385,8.461538461538462
renault master camper,esp,2017-09-01,2.0,21.0,0.09523809523809523,3.4761904761904763
transformar furgoneta en camper precio,esp,2017-09-01,2.0,8.0,0.25,4.5
alquiler furgoneta camper,esp,2017-09-01,1.0,4.0,0.25,5.75
caddy camper kit,esp,2017-09-01,1.0,1.0,1.0,3.0
camper renault master,esp,2017-09-01,1.0,1.0,1.0,10.0
camper t4,arg,2017-09-01,1.0,1.0,1.0,1.0
camperizacion de furgonetas,esp,2017-09-01,1.0,15.0,0.06666666666666667,5.4
camperizacion furgonetas,esp,2017-09-01,1.0,4.0,0.25,3.5
camperizacion furgonetas madrid,esp,2017-09-01,1.0,1.0,1.0,1.0
camperizacion renault master,arg,2017-09-01,1.0,1.0,1.0,1.0
camperizacion t5,esp,2017-09-01,1.0,2.0,0.5,11.0
camperizaciones,esp,2017-09-01,1.0,9.0,0.1111111111111111,9.555555555555555
camperizaciones asturias,esp,2017-09-01,1.0,2.0,0.5,3.0
camperizar,esp,2017-09-01,1.0,4.0,0.25,7.0
camperizar dacia dokker,esp,2017-09-01,1.0,6.0,0.16666666666666666,5.666666666666667
camperizar dacia lodgy,esp,2017-09-01,1.0,2.0,0.5,1.0
camperizar evalia,esp,2017-09-01,1.0,2.0,0.5,4.5
camperizar ford transit custom,esp,2017-09-01,1.0,4.0,0.25,8.75
camperizar furgoneta,gbr,2017-09-01,1.0,1.0,1.0,4.0
camperizar furgoneta barcelona,esp,2017-09-01,1.0,2.0,0.5,9.0
camperizar furgonetas,esp,2017-09-01,1.0,7.0,0.14285714285714285,3.7142857142857144
camperizar peugeot boxer,esp,2017-09-01,1.0,3.0,0.3333333333333333,7.333333333333333
caravelle camper,esp,2017-09-01,1.0,1.0,1.0,20.0
citroen jumper camper,fra,2017-09-01,1.0,1.0,1.0,4.0
citroen jumpy 2017 camper,esp,2017-09-01,1.0,8.0,0.125,1.0
como camperizar furgoneta,esp,2017-09-01,1.0,7.0,0.14285714285714285,4.285714285714286
customizar furgoneta,esp,2017-09-01,1.0,1.0,1.0,1.0
dacia dokker camperizada,esp,2017-09-01,1.0,5.0,0.2,4.0
dacia dokker camperizado,esp,2017-09-01,1.0,1.0,1.0,4.0
dokker camper,esp,2017-09-01,1.0,7.0,0.14285714285714285,11.285714285714286
donde puedo camperizar mi furgoneta,esp,2017-09-01,1.0,1.0,1.0,2.0
ducato l2h2 camper,esp,2017-09-01,1.0,1.0,1.0,37.0
empresas de camperizacion,esp,2017-09-01,1.0,1.0,1.0,2.0
empresas de camperizacion de furgonetas,esp,2017-09-01,1.0,1.0,1.0,3.0
empresas que camperizan furgonetas,esp,2017-09-01,1.0,2.0,0.5,2.5
equipar furgoneta,esp,2017-09-01,1.0,2.0,0.5,6.0
equipar furgonetas camper,esp,2017-09-01,1.0,2.0,0.5,10.5
evalia camper,ita,2017-09-01,1.0,4.0,0.25,8.0
ford tourneo connect camper,esp,2017-09-01,1.0,14.0,0.07142857142857142,7.857142857142857
ford transit camper 2017,esp,2017-09-01,1.0,1.0,1.0,26.0
ford transit connect camper,esp,2017-09-01,1.0,5.0,0.2,2.0
furgoneta caravana,esp,2017-09-01,1.0,28.0,0.03571428571428571,7.0
furgonetas camper madrid,esp,2017-09-01,1.0,4.0,0.25,4.75
furgonetas camper segunda mano,esp,2017-09-01,1.0,1.0,1.0,21.0
furgonetas camperizadas,esp,2017-09-01,1.0,172.0,0.005813953488372093,8.023255813953488
furgonetas customizadas,esp,2017-09-01,1.0,2.0,0.5,4.5
furgonetas preparadas para camping,esp,2017-09-01,1.0,9.0,0.1111111111111111,6.555555555555555
kia carnival camperizada,esp,2017-09-01,1.0,5.0,0.2,1.0
kit cama camper,esp,2017-09-01,1.0,1.0,1.0,24.0
kit camper caddy,esp,2017-09-01,1.0,5.0,0.2,5.4
kit camper jumper,esp,2017-09-01,1.0,3.0,0.3333333333333333,6.0
kit camper opel vivaro,esp,2017-09-01,1.0,3.0,0.3333333333333333,6.0
kit camper renault trafic,esp,2017-09-01,1.0,6.0,0.16666666666666666,2.166666666666667
kit camper t5,esp,2017-09-01,1.0,1.0,1.0,27.0
mi camper,mex,2017-09-01,1.0,1.0,1.0,1.0
mi camper.es,esp,2017-09-01,1.0,1.0,1.0,1.0
micamper,gbr,2017-09-01,1.0,1.0,1.0,1.0
muebles dacia dokker,esp,2017-09-01,1.0,3.0,0.3333333333333333,3.0
mundo furgonetas,esp,2017-09-01,1.0,2.0,0.5,9.5
nissan evalia camper,esp,2017-09-01,1.0,26.0,0.038461538461538464,7.115384615384615
nissan nv200 camper segunda mano,esp,2017-09-01,1.0,1.0,1.0,17.0
nissan primastar camper,esp,2017-09-01,1.0,9.0,0.1111111111111111,4.555555555555555
nueva citroen jumpy camper,esp,2017-09-01,1.0,5.0,0.2,1.0
nv200 camper,esp,2017-09-01,1.0,23.0,0.043478260869565216,5.478260869565218
preparar vw transporter para camping,per,2017-09-01,1.0,1.0,1.0,7.0
primastar camper,esp,2017-09-01,1.0,6.0,0.16666666666666666,5.5
renault trafic camper nueva,esp,2017-09-01,1.0,5.0,0.2,6.2
renault trafic horizon,esp,2017-09-01,1.0,1.0,1.0,6.0
renault trafic horizon van,esp,2017-09-01,1.0,7.0,0.14285714285714285,6.142857142857143
renault trafic horizon van precio,esp,2017-09-01,1.0,2.0,0.5,7.5
transformacion furgonetas,esp,2017-09-01,1.0,1.0,1.0,5.0
transit connect camper,esp,2017-09-01,1.0,2.0,0.5,2.5
venta de furgonetas camper,esp,2017-09-01,1.0,1.0,1.0,16.0
voyager camper,esp,2017-09-01,1.0,1.0,1.0,1.0
accesorios camper furgonetas,nld,2017-09-01,0.0,1.0,0.0,51.0
accesorios camperizar furgoneta,esp,2017-09-01,0.0,1.0,0.0,13.0
accesorios dacia pontevedra,bra,2017-09-01,0.0,1.0,0.0,45.0
accesorios furgoneta camper,esp,2017-09-01,0.0,1.0,0.0,10.0
accesorios furgonetas,usa,2017-09-01,0.0,1.0,0.0,82.0
accesorios hyundai ourense,ita,2017-09-01,0.0,1.0,0.0,72.0
accesorios hyundai ourense,jam,2017-09-01,0.0,1.0,0.0,74.0
accesorios hyundai pontevedra,gbr,2017-09-01,0.0,1.0,0.0,63.0
accesorios para camper,arg,2017-09-01,0.0,1.0,0.0,4.0
accesorios para camperizar furgonetas,swe,2017-09-01,0.0,1.0,0.0,6.0
accesorios para furgonetas camper,esp,2017-09-01,0.0,2.0,0.0,9.0
accesorios para furgonetas camper,usa,2017-09-01,0.0,1.0,0.0,9.0
accesorios renault pontevedra,prt,2017-09-01,0.0,1.0,0.0,69.0
adaptar furgoneta para camping,deu,2017-09-01,0.0,1.0,0.0,1.0
aire acondicionado camper,esp,2017-09-01,0.0,1.0,0.0,31.0
aire acondicionado estacionario,esp,2017-09-01,0.0,1.0,0.0,7.0
aire acondicionado para camper,mex,2017-09-01,0.0,1.0,0.0,1.0
aislante termico furgoneta,esp,2017-09-01,0.0,5.0,0.0,6.2
alquilar furgoneta camper,esp,2017-09-01,0.0,2.0,0.0,6.0
alquilar furgoneta camper barcelona,usa,2017-09-01,0.0,1.0,0.0,76.0
alquiler camper madrid,chl,2017-09-01,0.0,1.0,0.0,95.0
alquiler camper madrid,usa,2017-09-01,0.0,1.0,0.0,87.0
alquiler de camper,esp,2017-09-01,0.0,1.0,0.0,10.0
alquiler de camper,usa,2017-09-01,0.0,1.0,0.0,19.0
alquiler de camper madrid,ven,2017-09-01,0.0,1.0,0.0,89.0
alquiler de furgonetas,esp,2017-09-01,0.0,1.0,0.0,1.0
alquiler de furgonetas camper,esp,2017-09-01,0.0,1.0,0.0,6.0
alquiler de furgonetas camper,rus,2017-09-01,0.0,1.0,0.0,20.0
alquiler de furgonetas en toledo,usa,2017-09-01,0.0,1.0,0.0,101.0
alquiler furgo camper,esp,2017-09-01,0.0,1.0,0.0,5.0
alquiler furgo camper,usa,2017-09-01,0.0,1.0,0.0,21.0
alquiler furgo caravana,esp,2017-09-01,0.0,1.0,0.0,8.0
alquiler furgoneta camper barcelona,swe,2017-09-01,0.0,1.0,0.0,83.0
alquiler furgoneta camper madrid,esp,2017-09-01,0.0,1.0,0.0,2.0
alquiler furgonetas camper,rus,2017-09-01,0.0,1.0,0.0,16.0
alquiler furgonetas camper barcelona,usa,2017-09-01,0.0,1.0,0.0,68.0
alquiler furgonetas camper madrid,nld,2017-09-01,0.0,1.0,0.0,49.0
alquiler furgonetas equipadas,usa,2017-09-01,0.0,1.0,0.0,16.0
alquiler furgonetas para dormir,esp,2017-09-01,0.0,1.0,0.0,7.0
alquiler furgos camper,esp,2017-09-01,0.0,1.0,0.0,6.0
alquiler jumpy,esp,2017-09-01,0.0,1.0,0.0,19.0
alquilo furgoneta camper,esp,2017-09-01,0.0,1.0,0.0,1.0
amueblar furgoneta,esp,2017-09-01,0.0,1.0,0.0,6.0
arreglar nevera camas,esp,2017-09-01,0.0,1.0,0.0,75.0
asiento cama ford transit,esp,2017-09-01,0.0,2.0,0.0,9.5
asientos giratorios opel vivaro,esp,2017-09-01,0.0,2.0,0.0,2.0
autocaravana opel,esp,2017-09-01,0.0,1.0,0.0,5.0
autocaravanas citroen jumper,esp,2017-09-01,0.0,1.0,0.0,10.0
caddy cama,esp,2017-09-01,0.0,1.0,0.0,8.0
caddy camper,esp,2017-09-01,0.0,1.0,0.0,9.0
cajones para furgonetas camper,esp,2017-09-01,0.0,3.0,0.0,1.0
cama caddy,esp,2017-09-01,0.0,2.0,0.0,6.5
cama ford transit custom,esp,2017-09-01,0.0,1.0,0.0,3.0
cama opel vivaro,esp,2017-09-01,0.0,1.0,0.0,1.0
cama para opel vivaro,esp,2017-09-01,0.0,1.0,0.0,8.0
cama renault trafic,esp,2017-09-01,0.0,4.0,0.0,1.25
cama volkswagen california,esp,2017-09-01,0.0,1.0,0.0,9.0
camion camperizado,esp,2017-09-01,0.0,2.0,0.0,9.0
camion vivienda homologado,esp,2017-09-01,0.0,1.0,0.0,15.0
campear furgoneta,esp,2017-09-01,0.0,1.0,0.0,7.0
camper,esp,2017-09-01,0.0,7.0,0.0,18.285714285714285
camper 5 plazas,esp,2017-09-01,0.0,2.0,0.0,2.5
camper alquiler,esp,2017-09-01,0.0,2.0,0.0,14.0
camper asturias,esp,2017-09-01,0.0,3.0,0.0,9.0
camper castellon,esp,2017-09-01,0.0,1.0,0.0,10.0
camper citroen,esp,2017-09-01,0.0,2.0,0.0,5.5
camper citroen jumpy,esp,2017-09-01,0.0,3.0,0.0,7.0
camper de alquiler,esp,2017-09-01,0.0,1.0,0.0,18.0
camper evalia,esp,2017-09-01,0.0,1.0,0.0,8.0
camper fiat scudo,esp,2017-09-01,0.0,3.0,0.0,1.3333333333333333
camper furgoneta,esp,2017-09-01,0.0,4.0,0.0,6.0
camper furgoneta pequeña,esp,2017-09-01,0.0,1.0,0.0,3.0
camper furgonetas,and,2017-09-01,0.0,1.0,0.0,11.0
camper furgonetas,esp,2017-09-01,0.0,7.0,0.0,8.857142857142858
camper l1h1,esp,2017-09-01,0.0,2.0,0.0,9.5
camper l3h2,esp,2017-09-01,0.0,1.0,0.0,2.0
camper mercedes 2017,esp,2017-09-01,0.0,1.0,0.0,10.0
camper mercedes vito,esp,2017-09-01,0.0,1.0,0.0,5.0
camper nv200,esp,2017-09-01,0.0,1.0,0.0,9.0
camper opel vivaro,esp,2017-09-01,0.0,1.0,0.0,10.0
camper peugeot,esp,2017-09-01,0.0,2.0,0.0,7.5
camper renault trafic,per,2017-09-01,0.0,1.0,0.0,12.0
camper scudo,swe,2017-09-01,0.0,1.0,0.0,63.0
camper traffic,esp,2017-09-01,0.0,1.0,0.0,4.0
camper trafic,esp,2017-09-01,0.0,2.0,0.0,4.0
camper.es,esp,2017-09-01,0.0,1.0,0.0,11.0
camperizacion,esp,2017-09-01,0.0,14.0,0.0,6.714285714285714
camperizacion asturias,esp,2017-09-01,0.0,3.0,0.0,4.0
camperizacion ford transit,esp,2017-09-01,0.0,1.0,0.0,2.0
camperizacion ford transit custom,esp,2017-09-01,0.0,1.0,0.0,5.0
camperizacion furgo,esp,2017-09-01,0.0,1.0,0.0,9.0
camperizacion furgo,usa,2017-09-01,0.0,1.0,0.0,3.0
camperizacion furgoneta,esp,2017-09-01,0.0,1.0,0.0,1.0
camperizacion furgonetas,and,2017-09-01,0.0,1.0,0.0,5.0
camperizacion furgonetas,mex,2017-09-01,0.0,1.0,0.0,2.0
camperizacion furgonetas precios,esp,2017-09-01,0.0,5.0,0.0,11.0
camperizacion furgonetas precios,gbr,2017-09-01,0.0,1.0,0.0,10.0
camperizacion galicia,esp,2017-09-01,0.0,1.0,0.0,6.0
camperizacion hyundai h1,arg,2017-09-01,0.0,1.0,0.0,1.0
camperizacion hyundai h1,esp,2017-09-01,0.0,1.0,0.0,6.0
camperizacion nissan nv200,esp,2017-09-01,0.0,2.0,0.0,10.0
camperizacion opel vivaro,esp,2017-09-01,0.0,1.0,0.0,2.0
camperizacion renault trafic,esp,2017-09-01,0.0,2.0,0.0,1.0
camperizacion t4,esp,2017-09-01,0.0,2.0,0.0,1.0
camperizacion vito,esp,2017-09-01,0.0,1.0,0.0,1.0
camperizaciones toño,esp,2017-09-01,0.0,1.0,0.0,6.0
camperización furgonetas,esp,2017-09-01,0.0,4.0,0.0,2.0
camperizada,esp,2017-09-01,0.0,3.0,0.0,2.0
camperizadas,esp,2017-09-01,0.0,1.0,0.0,6.0
camperizados,esp,2017-09-01,0.0,1.0,0.0,10.0
camperizar 4x4,esp,2017-09-01,0.0,2.0,0.0,2.5
camperizar caddy,esp,2017-09-01,0.0,1.0,0.0,39.0
camperizar citroen c8,esp,2017-09-01,0.0,1.0,0.0,9.0
camperizar citroen jumper,esp,2017-09-01,0.0,2.0,0.0,2.0
camperizar citroen jumpy,esp,2017-09-01,0.0,3.0,0.0,4.666666666666666
camperizar dokker,esp,2017-09-01,0.0,2.0,0.0,9.5
camperizar ducato,esp,2017-09-01,0.0,2.0,0.0,7.0
camperizar fiat scudo,esp,2017-09-01,0.0,3.0,0.0,5.333333333333333
camperizar ford transit,esp,2017-09-01,0.0,4.0,0.0,4.5
camperizar furgo,esp,2017-09-01,0.0,7.0,0.0,5.857142857142857
camperizar furgon,esp,2017-09-01,0.0,1.0,0.0,5.0
camperizar furgoneta,col,2017-09-01,0.0,3.0,0.0,5.0
camperizar furgoneta,usa,2017-09-01,0.0,3.0,0.0,3.0
camperizar furgoneta barato,esp,2017-09-01,0.0,1.0,0.0,10.0
camperizar furgoneta casera,esp,2017-09-01,0.0,1.0,0.0,9.0
camperizar furgoneta citroen jumpy,esp,2017-09-01,0.0,1.0,0.0,5.0
camperizar furgoneta en las palmas,esp,2017-09-01,0.0,3.0,0.0,9.0
camperizar furgoneta industrial,esp,2017-09-01,0.0,1.0,0.0,8.0
camperizar furgoneta precio,esp,2017-09-01,0.0,5.0,0.0,9.0
camperizar furgoneta renault trafic,esp,2017-09-01,0.0,5.0,0.0,6.4
camperizar furgoneta tenerife,esp,2017-09-01,0.0,1.0,0.0,23.0
camperizar h1,esp,2017-09-01,0.0,2.0,0.0,7.0
camperizar hyundai h1,esp,2017-09-01,0.0,1.0,0.0,6.0
camperizar jumper,esp,2017-09-01,0.0,1.0,0.0,4.0
camperizar jumpy,esp,2017-09-01,0.0,2.0,0.0,9.0
camperizar kia carnival,esp,2017-09-01,0.0,3.0,0.0,7.0
camperizar monovolumen,esp,2017-09-01,0.0,1.0,0.0,9.0
camperizar nissan evalia,esp,2017-09-01,0.0,1.0,0.0,8.0
camperizar nissan nv200,esp,2017-09-01,0.0,1.0,0.0,7.0
camperizar nv200,esp,2017-09-01,0.0,5.0,0.0,8.2
camperizar opel vivaro,esp,2017-09-01,0.0,2.0,0.0,6.5
camperizar renault trafic,esp,2017-09-01,0.0,2.0,0.0,6.5
camperizar suv,esp,2017-09-01,0.0,2.0,0.0,2.0
camperizar t4,esp,2017-09-01,0.0,1.0,0.0,5.0
camperizar trafic,esp,2017-09-01,0.0,1.0,0.0,6.0
camperizar transporter,esp,2017-09-01,0.0,2.0,0.0,4.0
camperizar transporter t5,esp,2017-09-01,0.0,1.0,0.0,3.0
camperizar volkswagen,esp,2017-09-01,0.0,1.0,0.0,7.0
camperizar volkswagen transporter,esp,2017-09-01,0.0,1.0,0.0,3.0
camperizar vw t4,esp,2017-09-01,0.0,3.0,0.0,1.3333333333333333
camperizar vw t5,prt,2017-09-01,0.0,1.0,0.0,4.0
campers segunda mano,usa,2017-09-01,0.0,1.0,0.0,34.0
campervan españa,esp,2017-09-01,0.0,1.0,0.0,35.0
caravana furgoneta,esp,2017-09-01,0.0,2.0,0.0,3.0
caravelle camperizada,esp,2017-09-01,0.0,1.0,0.0,1.0
chrysler grand voyager camperizada,esp,2017-09-01,0.0,1.0,0.0,4.0
chrysler voyager camper,esp,2017-09-01,0.0,2.0,0.0,1.0
citroen camper,and,2017-09-01,0.0,1.0,0.0,7.0
citroen camper,esp,2017-09-01,0.0,24.0,0.0,8.708333333333332
citroen camper,fra,2017-09-01,0.0,1.0,0.0,10.0
citroen camper jumper,hun,2017-09-01,0.0,1.0,0.0,1.0
citroen camper nueva,esp,2017-09-01,0.0,11.0,0.0,8.636363636363637
citroen camper van,esp,2017-09-01,0.0,7.0,0.0,4.0
citroen camperizada,esp,2017-09-01,0.0,1.0,0.0,3.0
citroen furgoneta camper,esp,2017-09-01,0.0,1.0,0.0,9.0
citroen jumper,zzz,2017-09-01,0.0,1.0,0.0,92.0
citroen jumper autocaravana,esp,2017-09-01,0.0,1.0,0.0,9.0
citroen jumper camper,rus,2017-09-01,0.0,1.0,0.0,1.0
citroen jumper camper 2017,esp,2017-09-01,0.0,6.0,0.0,4.0
citroen jumper camper nueva,esp,2017-09-01,0.0,2.0,0.0,9.5
citroen jumper camper van,esp,2017-09-01,0.0,1.0,0.0,8.0
citroen jumper camperizada,esp,2017-09-01,0.0,1.0,0.0,2.0
citroen jumper camperizada,gbr,2017-09-01,0.0,1.0,0.0,1.0
citroen jumper l2h2 camper,esp,2017-09-01,0.0,1.0,0.0,10.0
citroen jumper l3h2 camper,esp,2017-09-01,0.0,1.0,0.0,2.0
citroen jumpy autocaravana,esp,2017-09-01,0.0,1.0,0.0,13.0
citroen jumpy camper,fra,2017-09-01,0.0,1.0,0.0,6.0
citroen jumpy camper 2016,esp,2017-09-01,0.0,3.0,0.0,5.0
citroen jumpy camper nueva,esp,2017-09-01,0.0,1.0,0.0,3.0
citroen jumpy camper precio,esp,2017-09-01,0.0,4.0,0.0,8.75
citroen jumpy camperizada,esp,2017-09-01,0.0,1.0,0.0,6.0
citroën jumper,esp,2017-09-01,0.0,1.0,0.0,80.0
coches camperizados,usa,2017-09-01,0.0,1.0,0.0,68.0
cocina camper,col,2017-09-01,0.0,1.0,0.0,2.0
cocina camper,esp,2017-09-01,0.0,3.0,0.0,3.6666666666666665
colchones para furgonetas,usa,2017-09-01,0.0,1.0,0.0,26.0
como acondicionar una furgoneta para camping,esp,2017-09-01,0.0,1.0,0.0,5.0
como camperizar furgoneta,gbr,2017-09-01,0.0,1.0,0.0,7.0
como camperizar opel vivaro,esp,2017-09-01,0.0,2.0,0.0,9.5
como convertir una van en camper,per,2017-09-01,0.0,2.0,0.0,4.0
como hacer un camper,arg,2017-09-01,0.0,1.0,0.0,10.0
como hacer una camper,arg,2017-09-01,0.0,1.0,0.0,9.0
como hacer una camper,chl,2017-09-01,0.0,3.0,0.0,9.333333333333334
como hacer una camper,esp,2017-09-01,0.0,3.0,0.0,7.666666666666667
como hacer una caravana,fra,2017-09-01,0.0,1.0,0.0,46.0
como hacer una furgoneta camper,esp,2017-09-01,0.0,1.0,0.0,3.0
como homologar furgoneta camper,esp,2017-09-01,0.0,1.0,0.0,7.0
como montar una furgoneta camper,esp,2017-09-01,0.0,1.0,0.0,6.0
como preparar una furgoneta por dentro,esp,2017-09-01,0.0,1.0,0.0,8.0
como transformar una furgoneta en autocaravana,esp,2017-09-01,0.0,1.0,0.0,5.0
comprar citroen jumper,esp,2017-09-01,0.0,2.0,0.0,84.5
comprar dacia pontevedra,usa,2017-09-01,0.0,1.0,0.0,94.0
construir autocaravana furgoneta,esp,2017-09-01,0.0,1.0,0.0,5.0
convertir furgoneta en autocaravana,esp,2017-09-01,0.0,2.0,0.0,5.0
convertir una furgoneta en autocaravana,esp,2017-09-01,0.0,1.0,0.0,6.0
coste camperizar furgoneta,esp,2017-09-01,0.0,2.0,0.0,10.0
cual es la mejor furgoneta para camperizar,esp,2017-09-01,0.0,1.0,0.0,23.0
cuanto cuesta camperizar una furgo,esp,2017-09-01,0.0,2.0,0.0,10.5
cuanto cuesta hacer una furgoneta camper,esp,2017-09-01,0.0,2.0,0.0,8.0
cuanto cuesta hacer una furgoneta camper,usa,2017-09-01,0.0,2.0,0.0,8.0
dacia camper,esp,2017-09-01,0.0,3.0,0.0,2.666666666666667
dacia camper,usa,2017-09-01,0.0,2.0,0.0,91.0
dacia dokker camper,aut,2017-09-01,0.0,1.0,0.0,6.0
dacia dokker camper,swe,2017-09-01,0.0,1.0,0.0,58.0
dacia dokker camper,usa,2017-09-01,0.0,1.0,0.0,57.0
dacia dokker camper precio,esp,2017-09-01,0.0,2.0,0.0,9.0
dacia dokker camper van,esp,2017-09-01,0.0,2.0,0.0,5.0
dacia dokker camperizar,esp,2017-09-01,0.0,1.0,0.0,4.0
dacia dokker camping,gbr,2017-09-01,0.0,1.0,0.0,94.0
dacia dokker stepway camper,esp,2017-09-01,0.0,1.0,0.0,6.0
dacia dokker van camper,esp,2017-09-01,0.0,2.0,0.0,5.0
dacia duster camperizado,esp,2017-09-01,0.0,1.0,0.0,9.0
dacia lodgy camper,esp,2017-09-01,0.0,1.0,0.0,1.0
dacia lodgy camper,gbr,2017-09-01,0.0,1.0,0.0,14.0
dacia lodgy camper,hun,2017-09-01,0.0,2.0,0.0,1.0
dacia lodgy camper,ita,2017-09-01,0.0,1.0,0.0,1.0
dacia lodgy camper,usa,2017-09-01,0.0,2.0,0.0,14.0
dacia lodgy camperizzata,ita,2017-09-01,0.0,1.0,0.0,6.0
diferentes maneras de camperizar una renault master,esp,2017-09-01,0.0,1.0,0.0,8.0
diseños camper,esp,2017-09-01,0.0,1.0,0.0,2.0
distribucion furgoneta camper,esp,2017-09-01,0.0,2.0,0.0,1.0
dokker camper,usa,2017-09-01,0.0,1.0,0.0,48.0
dokker van camper,esp,2017-09-01,0.0,2.0,0.0,9.0
ducato l1h1 camper,arg,2017-09-01,0.0,1.0,0.0,1.0
ducha furgoneta,esp,2017-09-01,0.0,2.0,0.0,4.0
ducha interior camper,esp,2017-09-01,0.0,2.0,0.0,1.0
ducha marco polo,and,2017-09-01,0.0,1.0,0.0,2.0
ducha marco polo,esp,2017-09-01,0.0,1.0,0.0,3.0
ducha para furgoneta,usa,2017-09-01,0.0,1.0,0.0,73.0
ducha portatil para furgoneta,esp,2017-09-01,0.0,2.0,0.0,2.0
empresa camper,esp,2017-09-01,0.0,1.0,0.0,10.0
empresa camperizar furgoneta,esp,2017-09-01,0.0,2.0,0.0,2.0
empresa de camperizacion de furgonetas,esp,2017-09-01,0.0,1.0,0.0,3.0
empresas camperizacion,esp,2017-09-01,0.0,1.0,0.0,4.0
empresas camperizar furgonetas barcelona,esp,2017-09-01,0.0,2.0,0.0,6.0
equipamiento camper para furgonetas,esp,2017-09-01,0.0,1.0,0.0,6.0
equipamiento furgonetas,esp,2017-09-01,0.0,1.0,0.0,1.0
equipamiento para furgonetas,usa,2017-09-01,0.0,1.0,0.0,75.0
equipar furgoneta para dormir,esp,2017-09-01,0.0,6.0,0.0,8.0
espace camper,esp,2017-09-01,0.0,1.0,0.0,8.0
evalia camper,esp,2017-09-01,0.0,23.0,0.0,6.391304347826087
evalia camper segunda mano,esp,2017-09-01,0.0,1.0,0.0,20.0
evalia camperizada,esp,2017-09-01,0.0,1.0,0.0,7.0
fiat camper,esp,2017-09-01,0.0,1.0,0.0,69.0
fiat ducato camper en daganzo,esp,2017-09-01,0.0,4.0,0.0,8.5
fiat scudo camper,fra,2017-09-01,0.0,3.0,0.0,5.0
fiat scudo camperizada,esp,2017-09-01,0.0,2.0,0.0,1.0
ford camperizada,esp,2017-09-01,0.0,1.0,0.0,2.0
ford connect camper,esp,2017-09-01,0.0,1.0,0.0,1.0
ford tourneo connect camperizada,esp,2017-09-01,0.0,1.0,0.0,9.0
ford tourneo connect camping,esp,2017-09-01,0.0,3.0,0.0,9.0
ford transit camperizada,esp,2017-09-01,0.0,5.0,0.0,2.4
ford transit camperizada fotos,esp,2017-09-01,0.0,4.0,0.0,1.0
ford transit connect camper,nld,2017-09-01,0.0,1.0,0.0,100.0
ford transit connect camper,ukr,2017-09-01,0.0,1.0,0.0,84.0
ford transit connect camper,usa,2017-09-01,0.0,1.0,0.0,87.0
ford transit custom camper,esp,2017-09-01,0.0,8.0,0.0,9.375
ford transit custom camperizada,esp,2017-09-01,0.0,11.0,0.0,5.636363636363637
fotos de furgonetas camperizadas,esp,2017-09-01,0.0,1.0,0.0,1.0
furgo camper,esp,2017-09-01,0.0,14.0,0.0,6.785714285714286
furgo camper accesorios,esp,2017-09-01,0.0,3.0,0.0,8.333333333333332
furgo camper alquiler,esp,2017-09-01,0.0,2.0,0.0,11.0
furgo camper interior,esp,2017-09-01,0.0,2.0,0.0,1.0
furgo camper segunda mano,esp,2017-09-01,0.0,2.0,0.0,41.0
furgo camperizada,esp,2017-09-01,0.0,6.0,0.0,5.5
furgo caravana,esp,2017-09-01,0.0,2.0,0.0,5.0
furgo equipada,esp,2017-09-01,0.0,2.0,0.0,6.0
furgo westfalia,esp,2017-09-01,0.0,2.0,0.0,7.0
furgon camper,arg,2017-09-01,0.0,1.0,0.0,1.0
furgon camper,chl,2017-09-01,0.0,2.0,0.0,2.0
furgon camper,esp,2017-09-01,0.0,7.0,0.0,6.428571428571429
furgon camperizado,esp,2017-09-01,0.0,1.0,0.0,2.0
furgon camperizado segunda mano,esp,2017-09-01,0.0,1.0,0.0,20.0
furgon caravana,usa,2017-09-01,0.0,2.0,0.0,17.0
furgon vivienda,lva,2017-09-01,0.0,1.0,0.0,51.0
furgones camperizados,esp,2017-09-01,0.0,1.0,0.0,6.0
furgones vivienda,usa,2017-09-01,0.0,1.0,0.0,46.0
furgoneta camper,esp,2017-09-01,0.0,2.0,0.0,14.5
furgoneta camper,usa,2017-09-01,0.0,1.0,0.0,32.0
furgoneta camper alquiler,esp,2017-09-01,0.0,1.0,0.0,19.0
furgoneta camper por dentro,esp,2017-09-01,0.0,1.0,0.0,1.0
furgoneta camper westfalia,esp,2017-09-01,0.0,1.0,0.0,7.0
furgoneta camperizada segunda mano,esp,2017-09-01,0.0,1.0,0.0,20.0
furgoneta camperizadas,esp,2017-09-01,0.0,1.0,0.0,12.0
furgoneta camperizar,esp,2017-09-01,0.0,1.0,0.0,6.0
furgoneta camping,esp,2017-09-01,0.0,3.0,0.0,6.333333333333333
furgoneta carabana,esp,2017-09-01,0.0,1.0,0.0,8.0
furgoneta casa,esp,2017-09-01,0.0,2.0,0.0,9.5
furgoneta casa,nld,2017-09-01,0.0,1.0,0.0,15.0
furgoneta citroen camper,esp,2017-09-01,0.0,1.0,0.0,8.0
furgoneta citroen jumper,nld,2017-09-01,0.0,1.0,0.0,35.0
furgoneta convertida en caravana,esp,2017-09-01,0.0,3.0,0.0,3.6666666666666665
furgoneta customizada,esp,2017-09-01,0.0,2.0,0.0,1.0
furgoneta ducato,esp,2017-09-01,0.0,2.0,0.0,3.5
furgoneta ducha,esp,2017-09-01,0.0,1.0,0.0,3.0
furgoneta equipada camping,esp,2017-09-01,0.0,2.0,0.0,9.5
furgoneta equipada vivienda,esp,2017-09-01,0.0,5.0,0.0,2.0
furgoneta jumpy,usa,2017-09-01,0.0,1.0,0.0,71.0
furgoneta marco polo,usa,2017-09-01,0.0,1.0,0.0,60.0
furgoneta modificada,esp,2017-09-01,0.0,2.0,0.0,1.0
furgoneta para camperizar,esp,2017-09-01,0.0,1.0,0.0,10.0
furgoneta peugeot boxer,fra,2017-09-01,0.0,1.0,0.0,16.0
furgoneta renault master,nld,2017-09-01,0.0,1.0,0.0,59.0
furgoneta vivienda,esp,2017-09-01,0.0,6.0,0.0,6.5
furgoneta vivienda en venta,usa,2017-09-01,0.0,1.0,0.0,20.0
furgonetas baratas asturias,fra,2017-09-01,0.0,1.0,0.0,57.0
furgonetas cama,zzz,2017-09-01,0.0,1.0,0.0,18.0
furgonetas camper,aut,2017-09-01,0.0,1.0,0.0,12.0
furgonetas camper,chl,2017-09-01,0.0,2.0,0.0,6.0
furgonetas camper,esp,2017-09-01,0.0,57.0,0.0,7.368421052631579
furgonetas camper,usa,2017-09-01,0.0,2.0,0.0,20.5
furgonetas camper,ven,2017-09-01,0.0,1.0,0.0,8.0
furgonetas camper alquiler,esp,2017-09-01,0.0,2.0,0.0,6.0
furgonetas camper citroen,esp,2017-09-01,0.0,1.0,0.0,5.0
furgonetas camper en madrid,esp,2017-09-01,0.0,2.0,0.0,11.5
furgonetas camper madrid,usa,2017-09-01,0.0,1.0,0.0,3.0
furgonetas camper ocasion,esp,2017-09-01,0.0,1.0,0.0,85.0
furgonetas camper por dentro,esp,2017-09-01,0.0,1.0,0.0,1.0
furgonetas camper segunda mano,lva,2017-09-01,0.0,1.0,0.0,23.0
furgonetas camper segunda mano,zzz,2017-09-01,0.0,1.0,0.0,25.0
furgonetas camper volkswagen,esp,2017-09-01,0.0,1.0,0.0,31.0
furgonetas camperas,esp,2017-09-01,0.0,1.0,0.0,6.0
furgonetas camperizadas,can,2017-09-01,0.0,1.0,0.0,7.0
furgonetas camperizadas,ury,2017-09-01,0.0,3.0,0.0,6.666666666666667
furgonetas camperizadas,ven,2017-09-01,0.0,2.0,0.0,4.0
furgonetas camperizadas madrid,esp,2017-09-01,0.0,1.0,0.0,5.0
furgonetas campers,esp,2017-09-01,0.0,2.0,0.0,5.0
furgonetas campers,fra,2017-09-01,0.0,1.0,0.0,29.0
furgonetas camping,esp,2017-09-01,0.0,1.0,0.0,7.0
furgonetas carabana,esp,2017-09-01,0.0,1.0,0.0,6.0
furgonetas caravana,fra,2017-09-01,0.0,1.0,0.0,7.0
furgonetas caravanas,esp,2017-09-01,0.0,2.0,0.0,10.0
furgonetas caravanas segunda mano,usa,2017-09-01,0.0,1.0,0.0,44.0
furgonetas casa,esp,2017-09-01,0.0,2.0,0.0,3.0
furgonetas citroen camper,esp,2017-09-01,0.0,1.0,0.0,8.0
furgonetas convertidas en casa,esp,2017-09-01,0.0,2.0,0.0,7.0
furgonetas convertidas en casa,prt,2017-09-01,0.0,1.0,0.0,8.0
furgonetas equipadas camping,esp,2017-09-01,0.0,1.0,0.0,9.0
furgonetas nissan nuevas,rus,2017-09-01,0.0,1.0,0.0,95.0
furgonetas para camping,esp,2017-09-01,0.0,3.0,0.0,4.333333333333334
furgonetas para vivir,esp,2017-09-01,0.0,3.0,0.0,3.0
furgonetas pequeñas camper,esp,2017-09-01,0.0,1.0,0.0,9.0
furgonetas pequeñas camperizadas,esp,2017-09-01,0.0,1.0,0.0,9.0
furgonetas pequeñas camperizadas,fra,2017-09-01,0.0,1.0,0.0,9.0
furgonetas peugeot boxer,esp,2017-09-01,0.0,1.0,0.0,21.0
furgonetas peugeot camper,esp,2017-09-01,0.0,1.0,0.0,10.0
furgonetas preparadas,esp,2017-09-01,0.0,4.0,0.0,5.0
furgonetas preparadas,ita,2017-09-01,0.0,1.0,0.0,3.0
furgonetas preparadas para viajar,esp,2017-09-01,0.0,1.0,0.0,6.0
furgonetas preparadas para vivir,esp,2017-09-01,0.0,3.0,0.0,7.666666666666667
furgonetas renault camper,esp,2017-09-01,0.0,1.0,0.0,6.0
furgonetas transformadas en autocaravanas,esp,2017-09-01,0.0,1.0,0.0,5.0
furgonetas van camper,esp,2017-09-01,0.0,1.0,0.0,5.0
furgonetas viaje,esp,2017-09-01,0.0,2.0,0.0,7.0
furgonetas vivienda,esp,2017-09-01,0.0,2.0,0.0,5.5
furgonetas westfalia,nld,2017-09-01,0.0,1.0,0.0,65.0
furgos,nld,2017-09-01,0.0,1.0,0.0,87.0
furgos camper,esp,2017-09-01,0.0,3.0,0.0,8.0
furgos camperizadas,esp,2017-09-01,0.0,1.0,0.0,4.0
furgos camperizadas,prt,2017-09-01,0.0,1.0,0.0,5.0
grand espace camper,esp,2017-09-01,0.0,1.0,0.0,8.0
h1 camper,esp,2017-09-01,0.0,7.0,0.0,2.571428571428571
h1 camperizada,esp,2017-09-01,0.0,3.0,0.0,3.0
h1 segunda mano,rus,2017-09-01,0.0,1.0,0.0,83.0
hacer camper furgoneta,esp,2017-09-01,0.0,2.0,0.0,5.5
homologacion vehiculo vivienda,rus,2017-09-01,0.0,1.0,0.0,72.0
homologar caravana,usa,2017-09-01,0.0,1.0,0.0,82.0
hyundai h1 4x4,esp,2017-09-01,0.0,1.0,0.0,26.0
hyundai h1 4x4 camper,deu,2017-09-01,0.0,1.0,0.0,1.0
hyundai h1 4x4 camper,esp,2017-09-01,0.0,1.0,0.0,1.0
hyundai h1 4x4 ocasion,usa,2017-09-01,0.0,1.0,0.0,25.0
hyundai h1 cama,esp,2017-09-01,0.0,2.0,0.0,2.5
hyundai h1 camper,arg,2017-09-01,0.0,1.0,0.0,9.0
hyundai h1 camper,chl,2017-09-01,0.0,1.0,0.0,6.0
hyundai h1 camper,esp,2017-09-01,0.0,13.0,0.0,4.461538461538462
hyundai h1 camper,gbr,2017-09-01,0.0,1.0,0.0,41.0
hyundai h1 camper,swe,2017-09-01,0.0,1.0,0.0,46.0
hyundai h1 camper,usa,2017-09-01,0.0,2.0,0.0,47.0
hyundai h1 camper segunda mano,esp,2017-09-01,0.0,1.0,0.0,7.0
hyundai h1 camper van,esp,2017-09-01,0.0,1.0,0.0,6.0
hyundai h100 camper,arg,2017-09-01,0.0,2.0,0.0,1.0
hyundai h100 camper,chl,2017-09-01,0.0,1.0,0.0,1.0
hyundai h100 camper,esp,2017-09-01,0.0,1.0,0.0,2.0
instalacion electrica furgoneta camper,gbr,2017-09-01,0.0,1.0,0.0,70.0
instalar ducha en furgoneta,esp,2017-09-01,0.0,3.0,0.0,9.333333333333334
interior furgo camper,esp,2017-09-01,0.0,1.0,0.0,1.0
interior furgoneta camper,esp,2017-09-01,0.0,2.0,0.0,1.0
interior furgonetas camper,esp,2017-09-01,0.0,1.0,0.0,1.0
interiores de furgonetas camper,esp,2017-09-01,0.0,1.0,0.0,4.0
interiores furgonetas camper,esp,2017-09-01,0.0,1.0,0.0,1.0
jumper camper,esp,2017-09-01,0.0,5.0,0.0,2.0
jumper l1h1 camper,deu,2017-09-01,0.0,1.0,0.0,1.0
jumpy westfalia,esp,2017-09-01,0.0,1.0,0.0,10.0
kia carnival camper,esp,2017-09-01,0.0,2.0,0.0,7.0
kit caddy,esp,2017-09-01,0.0,1.0,0.0,7.0
kit cama para renault trafic,esp,2017-09-01,0.0,1.0,0.0,6.0
kit camper,esp,2017-09-01,0.0,1.0,0.0,20.0
kit camper ford tourneo,esp,2017-09-01,0.0,3.0,0.0,9.333333333333334
kit camper ford transit custom,esp,2017-09-01,0.0,1.0,0.0,13.0
kit camper jumpy,esp,2017-09-01,0.0,2.0,0.0,2.0
kit camper nissan primastar,and,2017-09-01,0.0,1.0,0.0,8.0
kit camper segunda mano,esp,2017-09-01,0.0,2.0,0.0,9.0
kit camper transporter,esp,2017-09-01,0.0,1.0,0.0,20.0
kit camper vivaro,esp,2017-09-01,0.0,3.0,0.0,6.0
kit camper volkswagen,esp,2017-09-01,0.0,1.0,0.0,6.0
kit furgomania segunda mano,esp,2017-09-01,0.0,2.0,0.0,10.0
kit para camperizar furgonetas,esp,2017-09-01,0.0,1.0,0.0,21.0
l1h1 camper,esp,2017-09-01,0.0,3.0,0.0,5.666666666666667
l2h2 camper,esp,2017-09-01,0.0,2.0,0.0,1.5
l3h2 camper,esp,2017-09-01,0.0,1.0,0.0,2.0
la mejor furgoneta camper,esp,2017-09-01,0.0,1.0,0.0,8.0
litera vw t5,esp,2017-09-01,0.0,1.0,0.0,3.0
lodgy camper,deu,2017-09-01,0.0,2.0,0.0,1.0
mantenimiento dacia pontevedra,bra,2017-09-01,0.0,2.0,0.0,75.5
marcas de furgonetas camper,esp,2017-09-01,0.0,1.0,0.0,9.0
mejor furgoneta calidad precio,fra,2017-09-01,0.0,1.0,0.0,52.0
mejor furgoneta camper,esp,2017-09-01,0.0,1.0,0.0,10.0
mejor furgoneta camper calidad precio,rus,2017-09-01,0.0,1.0,0.0,15.0
mejor furgoneta camper calidad precio,usa,2017-09-01,0.0,1.0,0.0,14.0
mercedes marco polo ducha,esp,2017-09-01,0.0,1.0,0.0,1.0
mercedes vito camper,esp,2017-09-01,0.0,1.0,0.0,3.0
mercedes vito camper 2017,esp,2017-09-01,0.0,2.0,0.0,4.5
mercedes vito camperizada,esp,2017-09-01,0.0,8.0,0.0,1.875
mercedes vito camperizadas,esp,2017-09-01,0.0,1.0,0.0,3.0
mercedes vito westfalia,usa,2017-09-01,0.0,1.0,0.0,32.0
microondas camper,esp,2017-09-01,0.0,1.0,0.0,3.0
mobiliario camper,esp,2017-09-01,0.0,3.0,0.0,3.3333333333333335
modelos de furgonetas camper,usa,2017-09-01,0.0,2.0,0.0,18.5
monovolumen camper,esp,2017-09-01,0.0,2.0,0.0,1.0
montar furgoneta camper,esp,2017-09-01,0.0,1.0,0.0,4.0
movano camper,esp,2017-09-01,0.0,1.0,0.0,1.0
mueble cama camper,esp,2017-09-01,0.0,1.0,0.0,1.0
mueble cama furgoneta,esp,2017-09-01,0.0,3.0,0.0,1.0
mueble camper vito,esp,2017-09-01,0.0,2.0,0.0,1.0
mueble cocina camper,esp,2017-09-01,0.0,1.0,0.0,1.0
mueble cocina furgoneta,esp,2017-09-01,0.0,1.0,0.0,1.0
muebles camper hyundai h1,esp,2017-09-01,0.0,2.0,0.0,3.5
muebles camper mercedes vito,esp,2017-09-01,0.0,2.0,0.0,10.0
muebles camper opel vivaro,esp,2017-09-01,0.0,3.0,0.0,4.666666666666666
muebles camper vw t4,esp,2017-09-01,0.0,1.0,0.0,2.0
muebles opel vivaro,esp,2017-09-01,0.0,1.0,0.0,2.0
muebles para renault trafic,esp,2017-09-01,0.0,1.0,0.0,17.0
muebles renault trafic,esp,2017-09-01,0.0,1.0,0.0,2.0
muebles vw t4,esp,2017-09-01,0.0,1.0,0.0,1.0
mundo furgo,esp,2017-09-01,0.0,1.0,0.0,4.0
mundo furgoneta,esp,2017-09-01,0.0,2.0,0.0,9.0
nevera westfalia,fra,2017-09-01,0.0,1.0,0.0,90.0
nissan evalia camper,ita,2017-09-01,0.0,2.0,0.0,9.0
nissan evalia camper,usa,2017-09-01,0.0,2.0,0.0,70.0
nissan evalia camper precio,esp,2017-09-01,0.0,6.0,0.0,7.166666666666667
nissan evalia camperizada,esp,2017-09-01,0.0,1.0,0.0,7.0
nissan evalia camperizzato,ita,2017-09-01,0.0,1.0,0.0,9.0
nissan evalia camping,esp,2017-09-01,0.0,1.0,0.0,83.0
nissan evalia camping,usa,2017-09-01,0.0,1.0,0.0,70.0
nissan interstar camper,esp,2017-09-01,0.0,1.0,0.0,8.0
nissan nv camper,esp,2017-09-01,0.0,5.0,0.0,6.0
nissan nv camper,usa,2017-09-01,0.0,1.0,0.0,95.0
nissan nv200 camper,usa,2017-09-01,0.0,1.0,0.0,98.0
nissan nv200 camper precio,esp,2017-09-01,0.0,3.0,0.0,8.333333333333332
nissan nv200 camperizada,esp,2017-09-01,0.0,5.0,0.0,7.2
nissan nv200 camping,swe,2017-09-01,0.0,1.0,0.0,80.0
nissan nv200 evalia camper,esp,2017-09-01,0.0,3.0,0.0,5.666666666666667
nissan nv200 evalia camper,ita,2017-09-01,0.0,4.0,0.0,7.5
nissan primastar camper,col,2017-09-01,0.0,1.0,0.0,1.0
nissan primastar camper precio,esp,2017-09-01,0.0,2.0,0.0,7.0
nissan primastar camperizada,esp,2017-09-01,0.0,1.0,0.0,2.0
nissan primastar camping,swe,2017-09-01,0.0,1.0,0.0,66.0
nissan primastar camping,usa,2017-09-01,0.0,1.0,0.0,60.0
nissan sv 200 camper,esp,2017-09-01,0.0,2.0,0.0,9.5
nissan vn 200 camper,esp,2017-09-01,0.0,1.0,0.0,10.0
nueva jumpy camper,arg,2017-09-01,0.0,1.0,0.0,1.0
nueva jumpy camper,esp,2017-09-01,0.0,1.0,0.0,6.0
nv200 camper,fra,2017-09-01,0.0,1.0,0.0,3.0
nv200 camper,usa,2017-09-01,0.0,2.0,0.0,93.5
nv200 camper,zzz,2017-09-01,0.0,1.0,0.0,94.0
nv200 camperizada,esp,2017-09-01,0.0,2.0,0.0,8.0
opel movano camper,esp,2017-09-01,0.0,2.0,0.0,2.5
opel vivaro cama,esp,2017-09-01,0.0,1.0,0.0,1.0
opel vivaro camper,esp,2017-09-01,0.0,2.0,0.0,9.5
opel vivaro camper 2017,esp,2017-09-01,0.0,4.0,0.0,7.0
opel vivaro camper precio,esp,2017-09-01,0.0,1.0,0.0,8.0
opel vivaro camper precio nueva,esp,2017-09-01,0.0,2.0,0.0,6.0
opel vivaro camper precio nueva,fra,2017-09-01,0.0,1.0,0.0,6.0
opel vivaro camperizada,esp,2017-09-01,0.0,1.0,0.0,2.0
parasoles termicos renault trafic,esp,2017-09-01,0.0,1.0,0.0,48.0
peugeot boxer camper,esp,2017-09-01,0.0,8.0,0.0,9.75
peugeot camper,esp,2017-09-01,0.0,2.0,0.0,10.0
poti para furgonetas,esp,2017-09-01,0.0,1.0,0.0,4.0
precio camperizar citroen jumper,esp,2017-09-01,0.0,1.0,0.0,8.0
precio de camperizar una furgoneta,esp,2017-09-01,0.0,1.0,0.0,10.0
precio nissan evalia camper,esp,2017-09-01,0.0,1.0,0.0,7.0
precio nissan nv200 camper,esp,2017-09-01,0.0,2.0,0.0,8.0
precio renault trafic camper nueva,esp,2017-09-01,0.0,3.0,0.0,8.333333333333332
preparacion furgonetas camper,esp,2017-09-01,0.0,1.0,0.0,2.0
preparadores de furgonetas,sau,2017-09-01,0.0,1.0,0.0,3.0
preparar furgoneta,esp,2017-09-01,0.0,1.0,0.0,5.0
preparar furgonetas para camping,esp,2017-09-01,0.0,1.0,0.0,7.0
presupuesto camperizar furgoneta,esp,2017-09-01,0.0,2.0,0.0,10.0
reformar furgoneta autocaravana,esp,2017-09-01,0.0,1.0,0.0,3.0
renault camper 2017,esp,2017-09-01,0.0,1.0,0.0,7.0
renault espace camper,esp,2017-09-01,0.0,1.0,0.0,9.0
renault espace camperizada,esp,2017-09-01,0.0,1.0,0.0,1.0
renault master camper segunda mano,esp,2017-09-01,0.0,3.0,0.0,8.666666666666668
renault master caravana,esp,2017-09-01,0.0,1.0,0.0,8.0
renault master l2h2 camper,esp,2017-09-01,0.0,2.0,0.0,1.0
renault trafic 2016 camper,esp,2017-09-01,0.0,2.0,0.0,2.5
renault trafic 2017 camper,esp,2017-09-01,0.0,2.0,0.0,6.0
renault trafic camper,esp,2017-09-01,0.0,9.0,0.0,4.666666666666666
renault trafic camper,usa,2017-09-01,0.0,1.0,0.0,2.0
renault trafic camper 2016,esp,2017-09-01,0.0,1.0,0.0,2.0
renault trafic camper nueva precio,esp,2017-09-01,0.0,1.0,0.0,7.0
renault trafic camper precio,esp,2017-09-01,0.0,2.0,0.0,9.5
renault trafic camper precios,esp,2017-09-01,0.0,6.0,0.0,8.5
renault trafic camperizada,esp,2017-09-01,0.0,5.0,0.0,2.0
renault trafic caravan,esp,2017-09-01,0.0,1.0,0.0,7.0
renault trafic horizon van occasion,esp,2017-09-01,0.0,1.0,0.0,9.0
renault transit camper,esp,2017-09-01,0.0,1.0,0.0,10.0
requisitos para camperizar una furgoneta,esp,2017-09-01,0.0,1.0,0.0,10.0
scudo camper,esp,2017-09-01,0.0,1.0,0.0,1.0
seguro camper,usa,2017-09-01,0.0,2.0,0.0,28.0
seguro de camper,usa,2017-09-01,0.0,1.0,0.0,29.0
seguro furgon vivienda,esp,2017-09-01,0.0,2.0,0.0,24.5
seguro furgoneta camper,esp,2017-09-01,0.0,2.0,0.0,19.5
seguro furgoneta camperizada,usa,2017-09-01,0.0,2.0,0.0,15.5
seguro para camper,usa,2017-09-01,0.0,2.0,0.0,18.0
seguro para furgonetas camper,usa,2017-09-01,0.0,2.0,0.0,19.5
seguros furgo camper,usa,2017-09-01,0.0,2.0,0.0,26.5
seguros para campers,usa,2017-09-01,0.0,2.0,0.0,29.0
seguros para furgonetas camper,usa,2017-09-01,0.0,2.0,0.0,22.0
seguros para furgonetas combi,usa,2017-09-01,0.0,1.0,0.0,24.0
sofa cama camper,esp,2017-09-01,0.0,2.0,0.0,9.5
sofa cama para furgoneta,esp,2017-09-01,0.0,1.0,0.0,7.0
sofa cama para furgoneta,usa,2017-09-01,0.0,1.0,0.0,8.0
ssangyong rodius camper conversion,esp,2017-09-01,0.0,3.0,0.0,1.0
suelos para furgonetas,esp,2017-09-01,0.0,1.0,0.0,2.0
suelos para furgonetas camper,esp,2017-09-01,0.0,1.0,0.0,1.0
t5 camperizada,ita,2017-09-01,0.0,1.0,0.0,1.0
taller camperizacion,esp,2017-09-01,0.0,3.0,0.0,6.333333333333333
talleres para camperizar furgonetas,esp,2017-09-01,0.0,1.0,0.0,8.0
tapizar furgoneta interior,esp,2017-09-01,0.0,1.0,0.0,2.0
techo interior mercedes vito,esp,2017-09-01,0.0,1.0,0.0,3.0
techos westfalia,usa,2017-09-01,0.0,1.0,0.0,59.0
todo camper,esp,2017-09-01,0.0,1.0,0.0,10.0
trafic camper 2017,esp,2017-09-01,0.0,1.0,0.0,6.0
trafic camperizada,esp,2017-09-01,0.0,3.0,0.0,2.666666666666667
transformacion de furgonetas en camper,esp,2017-09-01,0.0,1.0,0.0,1.0
transformar furgoneta en camper,esp,2017-09-01,0.0,4.0,0.0,1.0
transformar furgoneta en caravana,esp,2017-09-01,0.0,1.0,0.0,2.0
transit custom camper,esp,2017-09-01,0.0,1.0,0.0,9.0
transporter camperizada,esp,2017-09-01,0.0,6.0,0.0,2.0
transporter camperizada,per,2017-09-01,0.0,2.0,0.0,1.0
tunear furgoneta,esp,2017-09-01,0.0,5.0,0.0,5.0
vehiculo boxer,esp,2017-09-01,0.0,1.0,0.0,88.0
vehiculos camper,esp,2017-09-01,0.0,1.0,0.0,2.0
venta furgoneta camper,esp,2017-09-01,0.0,1.0,0.0,30.0
venta furgonetas camper madrid,esp,2017-09-01,0.0,1.0,0.0,2.0
vinilos para furgonetas camper,esp,2017-09-01,0.0,3.0,0.0,1.0
vito camper,che,2017-09-01,0.0,1.0,0.0,2.0
vito camper,esp,2017-09-01,0.0,14.0,0.0,2.0
vito camperizada,esp,2017-09-01,0.0,11.0,0.0,1.3636363636363638
vivaro camperizada,esp,2017-09-01,0.0,5.0,0.0,9.6
vivaro camperizada,imn,2017-09-01,0.0,1.0,0.0,1.0
volkswagen caddy camper,esp,2017-09-01,0.0,1.0,0.0,26.0
volkswagen camperizada,esp,2017-09-01,0.0,6.0,0.0,2.0
volkswagen furgoneta camper,usa,2017-09-01,0.0,1.0,0.0,73.0
volkswagen transporter camperizada,esp,2017-09-01,0.0,3.0,0.0,2.0
voyager camperizada,esp,2017-09-01,0.0,1.0,0.0,1.0
vw california westfalia,usa,2017-09-01,0.0,1.0,0.0,51.0
vw transporter camperizada,esp,2017-09-01,0.0,2.0,0.0,2.0
